country,continent,flag_code,1992,1993,1994,1995,1996,1997,1998,1999,2000,2001,2002,2003,2004,2005,2006,2007,2008,2009,2010,2011,2012,2013,2014,2015,2016,2017,2018,2019,2020,2021,2022
Afghanistan,Asia,AF,0.095,0.084,0.075,0.068,0.062,0.056,0.052,0.04,0.037,0.038,0.047,0.051,0.037,0.052,0.062,0.084,0.152,0.238,0.29,0.406,0.345,0.28,0.253,0.262,0.245,0.247,0.254,0.261,0.261,0.279,0.284
Angola,Africa,AO,0.408,0.44,0.287,0.786,0.725,0.494,0.474,0.576,0.581,0.571,0.72,0.496,0.998,0.979,1.1,1.2,1.18,1.23,1.24,1.25,1.35,1.28,1.64,1.22,1.18,1.15,1.12,1.15,1.12,1.2,1.23
Albania,Europe,AL,0.877,0.805,0.716,0.77,0.919,0.68,0.78,1.17,1.28,1.42,1.62,1.9,1.79,1.91,1.9,2,2.21,2.35,2.26,2.45,2.37,2.27,2.25,2.04,2.01,2.13,2.08,2.05,2,2.12,2.1
Andorra,Europe,AD,6.91,6.74,6.49,6.66,7.07,7.24,7.66,7.98,8.02,7.79,7.59,7.32,7.36,7.3,6.75,6.52,6.43,6.12,6.12,5.87,5.92,5.9,5.83,5.97,6.07,6.27,6.12,6.06,5.63,5.97,5.91
United Arab Emirates,Asia,AE,30,31.1,33.2,31.6,30.7,29.2,31.7,25.6,28.3,27.9,26.2,32.3,32.8,33.4,34.7,32,31.2,25,23.9,25.4,26.2,27,26.8,27,26.7,23.9,23.5,21.2,19.7,20.7,21.1
Argentina,South America,AR,3.79,3.6,3.66,3.69,3.84,3.98,4.03,4.04,3.79,3.44,2.16,2.93,3.43,3.58,3.81,3.9,4.28,3.87,4.17,4.56,4.5,4.66,4.3,4.6,4.27,4.31,3.95,3.72,3.52,3.77,3.85
Armenia,Europe,AM,1.02,0.53,0.528,0.816,0.86,1.24,1.23,1.6,1.33,1.41,1.41,1.28,1.38,1.9,1.67,3.4,2.19,1.99,1.78,1.79,2.23,2.07,2,2.03,1.92,2.02,2.49,2.45,2.57,2.73,2.7
Antigua and Barbuda,North America,AG,4.1,4.13,3.98,4,4.18,4.3,4.36,4.42,4.54,4.51,4.73,5.09,5.25,5.27,5.36,5.59,5.63,5.88,5.96,5.75,5.8,5.73,5.71,5.84,5.9,5.89,5.88,5.86,5.44,5.82,5.94
Australia,Oceania,AU,14,14,14.3,14.4,14.6,14.9,15.7,15.6,15.2,15.4,16.2,16.9,17.2,17,17.3,17.6,17,18.1,17.9,17.5,17.6,16.4,16.2,16,15.3,15.3,14.6,14.2,13.7,13.7,13.9
Austria,Europe,AT,11.8,11.2,11.1,11.6,12.6,11.8,12.3,12,11.4,11.9,11.7,12.4,12.7,12.9,13.2,12.7,12.4,11.4,12,12.2,11.8,11.1,11.1,10.3,10.6,10.4,10.3,10,9.07,9.29,9.2
Azerbaijan,Europe,AZ,1.68,3.06,2.38,2.92,3.53,3.18,3.72,3.27,2.87,3.06,3.68,4.02,4.71,4.07,4.54,3.45,3.91,3.52,3.32,3.44,3.75,3.78,3.82,3.76,3.56,3.39,3.47,3.7,3.79,3.88,3.84
Burundi,Africa,BI,0.038,0.039,0.04,0.04,0.04,0.041,0.04,0.04,0.043,0.031,0.032,0.023,0.028,0.021,0.025,0.024,0.023,0.023,0.036,0.047,0.041,0.042,0.038,0.039,0.046,0.047,0.047,0.048,0.047,0.05,0.051
Belgium,Europe,BE,17.1,16.1,16,16.4,16.2,16.6,17.5,18,18.4,18.2,18.6,19.7,20.8,21.4,21.2,22,21.7,18.5,19.7,19.9,18.9,18.9,18.9,18.4,18.3,17.5,18.1,17.3,15.3,17.1,16.9
Benin,Africa,BJ,0.189,0.202,0.225,0.235,0.272,0.296,0.303,0.298,0.343,0.423,0.445,0.489,0.444,0.457,0.678,0.732,0.844,0.704,0.761,0.923,0.727,0.764,0.721,0.714,0.678,0.66,0.659,0.606,0.65,0.696,0.71
Burkina Faso,Africa,BF,0.09,0.087,0.087,0.086,0.087,0.098,0.155,0.187,0.118,0.118,0.116,0.123,0.128,0.122,0.137,0.151,0.148,0.188,0.201,0.174,0.199,0.217,0.216,0.258,0.245,0.262,0.279,0.291,0.28,0.3,0.306
Bangladesh,Asia,BD,0.185,0.184,0.199,0.223,0.226,0.237,0.232,0.237,0.197,0.222,0.228,0.25,0.263,0.273,0.289,0.291,0.305,0.329,0.353,0.356,0.4,0.392,0.667,0.457,0.703,0.745,0.775,0.826,0.803,0.828,0.844
Bulgaria,Europe,BG,4.84,5.26,4.84,5.47,5.79,5.58,5.55,5.07,5.21,5.63,5.4,5.82,5.79,6.18,6.53,6.96,7.13,5.87,5.91,6.21,5.86,5.13,5.27,5.54,5.46,5.71,5.7,5.6,5.2,5.88,5.82
Bahrain,Asia,BH,20.6,24.4,24.3,23.3,22.9,21.8,23.9,13.9,15.5,12.8,14.6,10.6,8.93,8.65,8.04,10.7,11.9,14.3,14.8,10.2,10,9.97,11,13.3,12.6,13,12.9,13.9,14.7,15.7,16
Bahamas,North America,BS,6.96,6.49,6.34,6.22,6.09,5.32,6.57,6.65,6.54,6.18,6.27,6.28,6.19,5.63,5.37,5.33,6.87,4.59,6.73,5.01,5.25,7.82,6.34,5.39,4.72,4.72,4.7,4.69,4.35,4.66,4.75
Bosnia and Herzegovina,Europe,BA,3.55,3.09,0.815,0.889,1.13,2.24,2.83,2.76,3.66,3.54,3.77,3.82,4.11,4.26,4.62,4.65,5.32,5.5,5.71,6.5,6.15,6.16,5.55,5.39,6.42,6.5,6.53,6.45,6.15,6.52,6.45
Belarus,Europe,BY,4.27,3.6,2.85,3.3,4.56,4.3,6.83,6.54,4.07,3.82,3.84,4.01,4.15,4.3,4.72,4.99,5.29,5.75,6.3,5.23,6.52,6.81,6.46,6.15,6.01,6.12,6.5,6.47,5.96,6.38,6.32
Belize,North America,BZ,1.83,1.91,1.85,1.82,1.44,1.75,1.61,1.46,1.6,1.75,1.65,1.61,1.42,1.49,1.52,1.59,1.42,1.86,1.67,1.82,1.41,1.49,1.4,1.6,1.54,1.51,1.5,1.5,1.39,1.49,1.52
Bolivia,South America,BO,1.38,1.42,1.48,1.43,1.43,1.31,1.33,1.31,1.02,0.96,1.01,1.04,1,1.06,1.08,1.17,1.26,1.3,1.32,1.46,1.54,1.67,1.84,1.93,2.02,2.06,2.03,1.98,1.82,1.95,1.99
Brazil,South America,BR,1.62,1.65,1.7,1.81,1.93,2.02,2.03,1.91,1.97,1.91,1.82,1.76,1.81,1.86,1.89,2.05,2.29,2.12,2.46,2.61,2.76,2.92,3,2.66,2.35,2.38,2.26,2.24,1.99,2.07,2.11
Barbados,North America,BB,3.71,4.17,2.8,3.03,3.09,3.33,4.09,4.3,4.25,4.36,4.39,4.54,4.62,4.78,4.84,4.89,5.76,5.69,5.19,5.36,5.15,5.06,4.37,4.36,4.43,4.44,4.48,4.46,4.14,4.43,4.52
Brunei,Asia,BN,15.2,15.8,16.1,15.4,17.1,11.7,16,9.36,9.29,8.83,9.11,12.4,12.7,12.3,11.6,18.8,19.4,16.6,16.7,21.8,22.1,20.7,20.8,17.8,16.5,19.4,21.5,22.4,22.4,24,24.5
Bhutan,Asia,BT,0.385,0.325,0.379,0.442,0.527,0.683,0.651,0.642,0.646,0.612,0.653,0.576,0.455,0.583,0.568,0.56,0.597,0.543,0.678,0.964,1.1,1.2,1.33,1.34,1.56,1.58,1.61,1.65,1.65,1.77,1.8
Botswana,Africa,BW,1.94,2.17,2,1.96,1.73,1.72,2.01,1.86,1.9,1.8,2.45,1.42,1.42,1.39,1.19,1.46,1.65,1.9,5.05,6.16,5.71,5.63,6.28,5.82,5.91,4.94,4.94,4.93,4.68,5,5.1
Central African Republic,Africa,CF,0.073,0.073,0.075,0.073,0.071,0.072,0.072,0.074,0.074,0.066,0.065,0.06,0.059,0.058,0.061,0.06,0.059,0.058,0.06,0.063,0.066,0.064,0.065,0.065,0.065,0.065,0.065,0.066,0.065,0.07,0.071
Canada,North America,CA,17.4,16.7,16.7,16.8,17,17.9,17.8,17.7,18.8,17.9,18.5,18.1,18.2,18.8,17.6,18.2,17.5,17,17.8,17.5,16.6,16.5,15.8,15.1,14.4,14.4,14.3,14,12.9,12.9,13.2
Switzerland,Europe,CH,13.9,12.5,12.3,12.8,15.1,13.5,16.3,14.7,12.3,14.7,13.3,12.9,13.4,14.6,15.7,14.2,13.9,13.5,12.9,13.1,18.8,17.5,17,17.3,19.3,15.1,14.6,14,12.3,11.8,11.6
Chile,South America,CL,2.4,2.52,2.65,2.83,3.25,3.66,3.69,3.87,3.82,3.41,3.56,3.37,3.55,3.75,3.91,4.25,4.8,3.8,4.32,4.9,5.09,5.11,4.68,4.8,4.81,4.77,4.91,5.09,4.41,4.46,4.54
China,Asia,CN,2.17,2.29,2.26,2.44,2.53,2.46,2.36,2.51,2.56,2.62,2.84,3.14,3.31,3.59,3.89,4.17,4.46,4.99,5.42,5.97,6.19,6.31,6.34,6.33,6.29,6.45,6.76,6.97,7,7.45,7.38
Cote d'Ivoire,Africa,CI,0.45,0.49,0.383,0.493,0.451,0.419,0.529,0.376,0.4,0.385,0.316,0.348,0.405,0.402,0.425,0.415,0.408,0.344,0.383,0.366,0.509,0.554,0.578,0.559,0.63,0.612,0.582,0.567,0.546,0.584,0.596
Cameroon,Africa,CM,0.264,0.269,0.256,0.273,0.289,0.294,0.28,0.218,0.298,0.342,0.405,0.36,0.347,0.346,0.32,0.395,0.392,0.465,0.472,0.445,0.462,0.438,0.469,0.478,0.485,0.459,0.411,0.389,0.374,0.4,0.408
Democratic Republic of Congo,Africa,CD,0.075,0.069,0.042,0.051,0.054,0.043,0.037,0.029,0.019,0.016,0.017,0.02,0.022,0.026,0.027,0.029,0.03,0.027,0.03,0.037,0.034,0.05,0.063,0.037,0.025,0.024,0.024,0.025,0.024,0.026,0.026
Congo,Africa,CG,0.628,0.599,0.813,0.575,0.614,0.817,0.263,0.27,0.335,0.238,0.174,0.269,0.271,0.268,0.296,0.31,0.323,0.416,0.459,0.51,0.653,0.695,0.656,0.649,0.638,0.623,0.617,0.63,0.617,0.66,0.674
Colombia,South America,CO,1.97,1.99,2.04,1.83,1.8,1.91,1.88,1.45,1.38,1.37,1.36,1.39,1.36,1.5,1.6,1.65,1.75,1.78,1.9,1.94,2.06,2.18,2.8,2.66,2.68,2.22,2.19,2.33,2.12,2.34,2.39
Comoros,Africa,KM,0.151,0.155,0.151,0.154,0.158,0.161,0.171,0.173,0.189,0.185,0.18,0.226,0.239,0.228,0.258,0.16,0.162,0.196,0.234,0.192,0.198,0.237,0.203,0.217,0.254,0.261,0.263,0.268,0.263,0.281,0.287
Cape Verde,Africa,CV,0.299,0.301,0.302,0.313,0.362,0.363,0.382,0.436,0.505,0.539,0.621,0.685,0.723,0.95,1.01,1.06,0.976,1.08,1.13,1.24,1,0.975,0.948,0.943,1.02,1.13,1.16,1.18,1.16,1.24,1.26
Costa Rica,North America,CR,1.72,1.69,1.97,1.88,1.8,1.89,2.12,2.5,2,1.99,2.59,2.2,2.24,2.19,2.41,2.7,2.81,2.29,2.4,2.61,2.55,2.53,2.49,2.46,2.49,2.48,2.55,2.47,2.18,2.34,2.38
Cuba,North America,CU,1.96,1.83,1.97,2.35,2.46,2.23,2.21,2.27,2.33,2.27,2.32,2.26,2.21,2.3,2.34,2.29,2.47,2.5,3.02,2.6,2.63,2.46,2.43,2.57,2.48,2.48,2.53,2.52,2.34,2.5,2.55
Cyprus,Europe,CY,10.3,9.15,8.94,9.02,10.2,9.1,10.8,8.9,7.97,8.01,8.37,8.46,9.04,9.24,9.29,9.93,10.7,7.8,7.6,7.25,7.02,5.55,6.01,5.62,5.72,6.45,6.45,6.24,5.45,5.68,5.62
Czech Republic,Europe,CZ,14.3,12.8,12.1,11.9,11.8,11.5,11.1,10.7,11.7,11.9,12.1,11.7,11.2,10.7,11.1,11.7,11.9,10.9,11.5,11,10.5,10.3,9.73,9.9,10,10.5,10.7,10.3,9.43,9.94,9.84
Germany,Europe,DE,14.9,14.3,13.9,13.9,13.7,13.1,13.2,13.3,13.2,13.2,12.6,13.1,12.9,12.9,12.8,12.8,12.7,11.9,12.5,12,11.2,11.3,11,10.8,11,10.8,10.6,10.1,9.18,9.39,9.3
Djibouti,Africa,DJ,0.549,0.545,0.53,0.524,0.518,0.527,0.501,0.487,0.511,0.5,0.535,0.555,0.528,0.529,0.517,0.574,0.611,0.554,0.615,0.554,0.553,0.629,0.661,0.665,0.646,0.666,0.672,0.686,0.673,0.72,0.734
Dominica,North America,DM,0.832,0.88,0.929,1.14,1.03,1.14,1.1,1.16,1.47,1.58,1.47,1.67,2.03,2.03,2.02,2.59,2.33,2.28,2.43,2.17,2.33,2.38,2.48,2.47,2.52,2.54,2.55,2.54,2.36,2.52,2.57
Denmark,Europe,DK,13.4,12.9,13.1,13,13.8,12.7,12.3,13,12.2,12.3,12.3,12.5,12.9,12.2,13.2,12.7,12.4,11.2,11.2,10.7,9.39,9.26,8.98,8.62,8.65,8.55,8.67,7.96,7.27,7.76,7.68
Dominican Republic,North America,DO,1.46,1.5,1.56,1.89,2.03,2.16,2.35,2.46,1.43,4.35,3.39,2.89,2.66,3.56,3.6,2.97,2.87,6.01,7.43,5.32,5.77,4.73,3.57,3.46,2.88,2.86,2.94,3.07,2.85,3.05,3.11
Algeria,Africa,DZ,2.96,2.97,3.06,3.31,3.31,2.93,3.53,3,2.82,2.67,2.81,2.82,2.69,3.21,2.98,3.17,3.14,3.4,3.28,3.27,3.43,3.48,3.68,3.8,3.64,3.56,3.69,3.77,3.69,3.8,3.88
Ecuador,South America,EC,1.91,2.11,1.32,1.96,1.97,1.62,2.01,1.72,1.54,1.88,2.05,2.15,2.27,2.37,2.41,2.68,2.44,2.48,2.62,2.81,2.73,2.89,3.08,2.91,2.66,2.72,2.64,2.69,2.31,2.65,2.7
Egypt,Africa,EG,1.45,1.52,1.41,1.53,1.51,1.66,1.87,1.89,1.91,1.65,1.62,1.77,1.68,1.85,1.93,2.07,2.15,2.3,2.29,2.35,2.42,2.28,2.5,2.52,2.59,2.49,2.32,2.38,2.24,2.35,2.4
Eritrea,Africa,ER,0.31,0.316,0.319,0.359,0.392,0.35,0.266,0.275,0.264,0.264,0.242,0.273,0.282,0.27,0.187,0.187,0.131,0.159,0.157,0.174,0.19,0.191,0.205,0.201,0.204,0.212,0.215,0.219,0.215,0.23,0.234
Spain,Europe,ES,7.44,6.89,6.93,7.19,6.77,6.87,7.19,7.7,8.11,8.12,8.61,8.44,8.93,9.35,9.32,9.44,8.53,7.42,7.01,6.84,6.3,5.91,6.05,6.07,5.89,6.31,6.35,5.97,5.32,5.71,5.66
Estonia,Europe,EE,15.5,11.9,11.2,10.8,11.6,11.2,12.1,14,14.5,13.6,14.3,15,15.2,14.2,15.7,15.8,13,10.5,12.9,14.7,13.3,13,13.1,13.7,12.6,12.7,13.5,11,9.33,10.5,10.4
Ethiopia,Africa,ET,0.078,0.075,0.06,0.064,0.066,0.071,0.081,0.077,0.056,0.063,0.055,0.055,0.054,0.052,0.056,0.059,0.063,0.064,0.056,0.06,0.079,0.085,0.105,0.111,0.123,0.185,0.173,0.188,0.172,0.184,0.188
Finland,Europe,FI,20.5,16.7,15.3,14.7,14.5,14.2,13.8,14.2,15.2,15.6,15.6,17.1,16.3,15.3,16.9,16.7,15.5,13,15.3,13.1,12.5,12.2,11.2,10,10.3,10,10.4,9.59,8.63,8.85,8.76
Fiji,Oceania,FJ,0.995,0.986,0.966,0.973,1.04,0.988,0.952,0.962,1.03,1.29,1.08,1.27,1.64,1.32,1.45,1.37,1.04,0.913,1.4,1.24,1.2,1.52,1.88,2.46,2.32,2.36,2.41,2.5,2.38,2.55,2.6
France,Europe,FR,9.53,8.79,8.55,8.67,8.67,8.38,8.7,8.69,8.76,8.71,8.56,8.67,8.97,9.05,8.99,8.93,8.78,8.08,8.02,7.94,7.58,7.34,6.83,6.61,6.71,6.65,6.62,6.42,5.79,6.13,6.07
Micronesia,Oceania,FM,0.977,0.953,0.968,0.989,0.982,1.01,1.08,1.02,1.16,1.57,1.34,1.34,1.34,1.14,1.15,1.26,1.06,1.42,0.998,1.13,1.19,1.28,1.26,1.31,1.3,1.32,1.34,1.39,1.33,1.42,1.45
Gabon,Africa,GA,4.91,4.83,4.14,4.25,4.28,4.19,4.24,4,3.81,3.8,3.53,3.5,3.44,3.5,2.9,2.78,2.74,2.69,2.94,2.92,2.88,2.9,2.82,2.69,2.64,2.58,2.53,2.58,2.53,2.71,2.76
United Kingdom,Europe,GB,12,11.3,11.2,11.1,11.5,11.5,11.9,11.6,12.6,12.3,12.4,12.5,12.6,12.4,12.4,12.2,11.6,10.1,10.8,9.66,9.95,9.6,9.19,9.01,8.72,8.25,8.02,7.66,6.89,7,6.93
Georgia,Europe,GE,1.78,1.56,0.976,0.463,1.63,1.49,1.66,1.38,1.43,1.38,1.32,1.44,1.85,2.2,2.3,2.59,2.4,1.98,2.08,2.68,2.88,2.76,2.99,3.11,3.08,2.98,3.31,3.19,3.45,3.69,3.77
Ghana,Africa,GH,0.294,0.324,0.364,0.364,0.42,0.491,0.459,0.471,0.403,0.44,0.43,0.482,0.461,0.484,0.586,0.595,0.596,0.495,0.575,0.697,0.882,0.792,0.799,0.808,0.72,0.672,0.698,0.699,0.709,0.758,0.773
Guinea,Africa,GN,0.154,0.154,0.154,0.155,0.16,0.164,0.17,0.174,0.16,0.154,0.156,0.314,0.188,0.187,0.19,0.194,0.198,0.327,0.419,0.449,0.426,0.185,0.181,0.206,0.429,0.423,0.446,0.496,0.433,0.463,0.472
Gambia,Africa,GM,0.193,0.197,0.191,0.192,0.189,0.186,0.195,0.215,0.209,0.221,0.214,0.207,0.216,0.211,0.221,0.215,0.217,0.219,0.241,0.242,0.239,0.22,0.254,0.251,0.247,0.266,0.268,0.274,0.268,0.287,0.293
Guinea-Bissau,Africa,GW,0.176,0.176,0.172,0.168,0.165,0.178,0.149,0.165,0.122,0.123,0.123,0.151,0.154,0.158,0.157,0.164,0.157,0.158,0.157,0.157,0.158,0.156,0.16,0.16,0.165,0.179,0.181,0.185,0.181,0.194,0.198
Equatorial Guinea,Africa,GQ,0.148,0.151,0.161,0.17,0.249,0.567,0.328,0.838,0.756,6.86,9.65,11.2,9.85,10,10.4,9.57,7.47,7.52,7.31,9.52,6.77,7.15,6.51,5.16,4.65,4.54,4.35,4.44,4.35,4.66,4.75
Greece,Europe,GR,9.92,9.35,9.26,9.3,9.08,9.14,9.74,9.34,9.39,9.54,9.8,8.7,8.39,8.36,8.59,8.7,8.74,9.56,8.31,7.46,6.82,5.83,5.53,5.21,5.35,5.37,5.49,5,5.03,5.33,5.27
Grenada,North America,GD,1.21,1.23,1.44,1.5,1.52,1.66,1.73,1.9,1.85,1.88,1.98,2.08,1.97,2.07,2.2,2.27,2.4,2.39,2.45,2.37,2.52,2.81,2.15,2.38,2.43,2.41,2.43,2.42,2.25,2.4,2.45
Guatemala,North America,GT,0.84,0.767,0.851,0.881,0.825,0.932,1.08,1.06,1.99,0.727,0.754,0.721,0.733,0.77,0.831,0.793,0.716,0.702,0.707,0.641,0.633,0.692,0.722,0.835,0.87,0.919,1.38,1.4,1.23,1.31,1.34
Guyana,South America,GY,1.4,1.39,1.83,1.92,2,2.1,2.2,2.24,2.16,2.14,2.12,2.1,2.18,1.93,1.73,2.09,2.09,2.09,2.29,2.37,2.64,2.55,2.63,2.61,3.04,3.03,3.12,3.11,2.89,3.09,3.15
Hong Kong,Asia,HK,16.6,15.7,19.7,20.3,19.4,21.3,17.6,15.8,12.5,11.3,11,12,11.9,12.7,12.5,12.3,12.2,10.1,11.3,13.5,14.9,16.7,15.4,12.2,11.2,11.4,11.3,11.2,10.7,10,10.2
Honduras,North America,HN,0.711,0.691,0.707,0.763,0.795,0.874,0.988,1.04,0.59,0.609,0.614,0.734,0.754,0.704,0.82,0.853,1.71,0.839,0.788,0.792,0.79,1.95,0.797,0.871,0.808,0.839,0.811,0.909,0.803,0.859,0.876
Croatia,Europe,HR,3.77,3.77,3.67,4.06,4.1,4.4,4.37,4.75,4.73,5.42,5.83,5.65,5.82,5.82,6.39,6.7,7.63,5.82,5.51,5.31,5.4,5.43,4.44,5.03,5.33,5.22,5.82,5.67,5.49,6,5.94
Haiti,North America,HT,0.121,0.092,0.024,0.113,0.129,0.168,0.151,0.158,0.159,0.181,0.206,0.192,0.217,0.223,0.223,0.249,0.245,0.228,0.211,0.207,0.214,0.221,0.264,0.272,0.273,0.271,0.27,0.269,0.25,0.267,0.272
Hungary,Europe,HU,9.12,8.37,7.66,7.34,6.79,6.75,6.89,6.99,7.13,7.5,7.36,8,7.84,7.72,7.79,8.14,8.28,6.88,7.19,6.92,6.19,6.09,5.83,5.99,6.14,6.68,6.83,6.65,6.2,6.47,6.41
Indonesia,Asia,ID,0.979,1.01,1.02,1.03,1.13,1.2,0.664,0.981,1.1,1.17,1.25,1.42,1.42,1.43,1.42,1.57,1.55,1.64,1.83,2.04,2.14,2.02,1.98,2.09,2.13,2.15,2.28,2.46,2.28,2.31,2.36
India,Asia,IN,0.708,0.7,0.721,0.742,0.778,0.798,0.799,0.863,0.85,0.842,0.841,0.873,0.906,0.944,0.977,1.06,1.12,1.24,1.26,1.3,1.42,1.4,1.52,1.6,1.64,1.68,1.77,1.77,1.62,1.77,1.87
Ireland,Europe,IE,12.2,11.4,11.5,11.7,13.8,13.4,13.3,14.8,14.3,14.7,14.8,18.1,16.4,17.5,16.9,16.6,14.6,11.7,11,10.5,10.2,10.1,10.2,9.9,10.3,10.4,10.4,10.2,8.77,8.68,8.59
Iran,Asia,IR,3.67,3.55,3.89,4.09,4.27,4.24,4.83,5.09,4.46,4.77,4.51,5.33,5.58,5.61,6.05,6.75,7,7.1,6.47,6.39,7,6.43,6.8,7.23,6.6,6.99,6.91,7.21,7.5,7.52,7.67
Iraq,Asia,IQ,3.2,3.33,3.64,3.68,3.34,3.18,3.26,3.15,3.06,3.5,3.46,3.54,4.32,4.2,3.58,2.21,3.25,3.58,3.73,4.41,4.8,4.94,4.8,4.66,5.15,5,5.32,5.45,5.4,5.64,5.76
Iceland,Europe,IS,8.71,9.22,8.91,9.22,9.34,9.6,9.58,10.2,10.5,10.1,10.5,10.4,10.7,10.1,10.5,11.5,12.2,11.8,11.3,10.8,10.7,10.7,10.5,10.7,10.5,10.8,10.8,10.7,9.93,10.1,9.99
Israel,Asia,IL,11.4,11.1,11.4,11.8,11.8,12,12,10.6,11.2,11.2,10.7,11.8,11.5,10.9,11.8,11.6,12.8,11.1,11.6,11.7,11.6,10.3,10.4,10,9.86,9.3,9.68,9.22,8.37,8.43,8.6
Italy,Europe,IT,10.7,9.79,9.48,9.84,9.25,9.33,9.51,9.76,9.94,9.77,9.99,10.2,10.4,10.5,10.9,10.6,10.3,9.43,10,9.63,8.73,8.1,7.82,7.52,7.31,7.4,7.49,7.23,6.5,7,6.92
Jamaica,North America,JM,2.9,3.15,3.05,3.46,2.86,3.09,3.84,3.71,2.52,2.72,2.71,2.75,2.54,2.59,2.8,2.8,2.58,2.01,2.03,2.13,2.03,2.15,2.16,2.3,2.48,2.24,2.6,2.53,2.23,2.39,2.43
Jordan,Asia,JO,4.4,4.01,4.17,4.1,3.25,3.66,3.68,3.42,3.41,3.7,3.79,3.62,3.92,4.24,3.95,3.93,4.25,4.39,3.86,4.17,4.78,4.64,4.14,3.74,3.16,3.05,2.96,2.92,2.65,2.84,2.9
Japan,Asia,JP,11.4,11.1,11.7,11.9,11.8,11.6,10.8,11.5,12.1,11.8,11.7,11.9,12,12,11.8,11.9,11.7,10.8,11.3,11.9,12.3,12,11.3,10.6,10.4,10.3,10.1,9.88,9.43,9.8,9.99
Kazakhstan,Asia,KZ,7.56,9.95,8.76,8.13,7.34,7.02,7.45,6.56,6.87,7.71,8.15,7.97,8.24,8.88,10,10.7,9.62,9.18,8.21,7.34,7.43,8.71,9.32,11.6,10.6,10.9,9.78,9.11,9.72,9.47,9.66
Kenya,Africa,KE,0.337,0.341,0.344,0.38,0.336,0.328,0.443,0.382,0.395,0.385,0.313,0.276,0.286,0.319,0.352,0.368,0.378,0.419,0.402,0.448,0.459,0.514,0.594,0.577,0.559,0.521,0.538,0.544,0.515,0.551,0.562
Kyrgyzstan,Asia,KG,3.99,2.95,2.35,2.33,1.87,1.12,2.23,1.18,1.24,0.939,1.11,1.02,1.29,1.42,1.63,1.8,3.03,2.4,2.05,2.29,3.19,2.97,3.09,2.74,2.88,2.75,3.22,2.79,2.57,2.75,2.81
Cambodia,Asia,KH,0.207,0.192,0.193,0.184,0.2,0.193,0.236,0.226,0.387,0.442,0.545,0.489,0.589,0.704,0.777,0.801,0.934,0.818,1.12,1.5,1.47,1.66,1.55,1.85,1.76,1.84,2.14,2.42,2.34,2.5,2.55
Kiribati,Oceania,KI,0.343,0.387,0.383,0.377,0.372,0.366,0.36,0.354,0.391,0.342,0.462,0.495,0.527,0.636,0.7,0.608,0.668,0.545,0.57,0.525,0.483,0.476,0.536,0.562,0.587,0.594,0.601,0.625,0.596,0.637,0.65
Saint Kitts and Nevis,North America,KN,2.7,2.76,2.91,3.05,3.11,3.34,3.48,3.7,3.91,3.95,4.38,4.33,4.59,4.23,4.26,4.53,4.49,4.6,4.49,4.67,4.41,4.45,4.55,4.58,4.62,4.62,4.62,4.6,4.27,4.57,4.66
South Korea,Asia,KR,8.79,8.93,9.36,9.88,10.7,10.8,7.74,9.27,10.3,10.2,11,11.3,11.5,12.1,12.6,13.1,13.1,11.8,13.3,13.6,13.2,13,13.3,13,12.7,13.3,13.9,13.6,12.7,13.3,13.5
Kuwait,Asia,KW,20.7,29,32,31.2,25.5,27,29.2,23.1,17,19.5,21.6,24.1,24.2,29.2,26.6,26.7,26.8,27,26.4,23.9,23.4,20.9,20,24.4,24.9,22.6,22.2,23.1,22.1,23.5,24
Laos,Asia,LA,0.2,0.201,0.214,0.233,0.239,0.231,0.238,0.229,0.436,0.456,0.465,0.352,0.406,0.393,0.511,0.539,0.63,0.807,0.355,0.343,0.397,0.49,0.493,1.05,1.83,3.02,3.12,3.04,3.02,3.24,3.3
Lebanon,Asia,LB,3.17,3.19,3.27,3.48,3.54,4.13,4.41,4.39,4.03,4.11,3.89,4.22,3.77,3.55,3.11,2.89,3.66,4.36,4.04,3.9,4.04,3.76,3.79,3.69,3.64,3.53,3.54,3.63,3.59,3.84,3.92
Liberia,Africa,LR,0.194,0.215,0.212,0.208,0.201,0.195,0.192,0.145,0.148,0.152,0.144,0.152,0.174,0.204,0.202,0.181,0.148,0.127,0.196,0.212,0.233,0.207,0.273,0.27,0.296,0.32,0.324,0.33,0.324,0.347,0.354
Libya,Africa,LY,7.97,8.15,9.02,9.24,8.7,8.74,8.7,8.4,8.74,8.78,8.59,8.69,8.76,8.92,8.95,8.27,9.14,9.33,9.87,6.29,8.35,8.87,9.23,8.79,7.71,7.96,8.1,8.26,8.1,8.67,8.84
Saint Lucia,North America,LC,1.06,1.61,1.77,2.1,2.17,2.02,1.92,2.15,2.22,2.2,1.82,2.24,2.2,2.24,2.22,2.3,2.33,2.24,2.32,2.32,2.3,2.29,2.28,2.29,2.3,2.31,2.31,2.31,2.14,2.29,2.34
Liechtenstein,Europe,LI,7.01,7.18,6.62,6.62,6.57,6.87,7.1,6.92,6.54,6.41,6.5,6.72,6.67,6.6,6.61,5.71,6.19,5.75,5.3,4.87,5.07,5.22,4.33,4.25,3.96,4.11,4.03,3.99,3.71,3.93,3.89
Sri Lanka,Asia,LK,0.448,0.445,0.48,0.508,0.552,0.555,0.592,0.743,0.981,1.01,1.1,0.912,1.03,1.03,1.05,0.962,1.02,0.932,1.07,1.42,1.41,1.45,1.52,1.63,1.79,1.72,1.68,1.7,1.68,1.72,1.76
Lesotho,Africa,LS,0.891,0.898,0.9,0.9,0.899,0.9,0.903,0.904,0.911,0.922,0.939,0.957,0.989,1.01,1.02,1.04,1.07,1.11,1.14,1.16,1.19,1.2,1.19,1.14,1.21,1.33,1.26,1.29,1.26,1.35,1.38
Lithuania,Europe,LT,13.8,8.56,7.61,7.47,6.12,5.86,6.04,5.45,5.59,5.63,5.48,6.49,6.28,6.36,6.96,7.46,7,6.67,6.57,7.63,6.95,6.96,7.12,6.92,7.33,7.74,8.04,7.7,7.16,7.29,7.21
Luxembourg,Europe,LU,31,31,28.6,22.3,22.1,20.3,18,20,19.1,19.4,21.9,25.4,28.5,30.9,31.3,24.7,32.3,18.8,21.2,23.4,22.6,21.2,20.3,19.2,16.8,16.2,15.7,14.9,12.6,12.8,12.7
Latvia,Europe,LV,6.89,5.53,5.26,4.92,5.6,5.45,5.43,5.05,6.11,5.79,5.81,6.32,6.12,5.97,6.87,8.11,7.51,5.62,6.32,6.45,6.45,6.24,5.89,5.99,6.08,7.32,8.33,8.04,7.31,7.65,7.57
Morocco,Africa,MA,1.4,1.35,1.35,1.36,1.23,1.17,1.25,1.34,1.32,1.41,1.45,1.32,1.5,1.53,1.59,1.72,1.87,1.75,1.79,1.87,1.88,1.84,1.8,1.78,1.82,1.83,1.86,1.93,1.79,1.96,2
Moldova,Europe,MD,4.8,3.63,2.85,2.63,2.71,1.71,1.52,1.11,0.851,0.905,0.971,1.06,1.11,1.19,1.21,1.21,1.26,1.11,1.18,1.21,1.17,1.2,1.17,1.18,1.21,1.18,1.27,1.25,1.19,1.26,1.25
Madagascar,Africa,MG,0.115,0.117,0.13,0.129,0.105,0.127,0.149,0.162,0.161,0.154,0.115,0.16,0.154,0.155,0.141,0.146,0.205,0.167,0.148,0.168,0.177,0.201,0.204,0.195,0.187,0.215,0.191,0.202,0.192,0.205,0.209
Maldives,Asia,MV,0.978,0.816,0.797,0.981,1.12,1.25,1.12,1.54,1.61,1.61,2.02,1.67,2.14,1.88,2.32,2.33,2.46,2.5,2.56,2.59,2.8,2.63,3.03,2.86,3.04,2.99,2.96,3.03,3.03,3.24,3.31
Mexico,North America,MX,4.05,4.04,4.1,3.56,3.71,4.05,4.24,4.24,4.49,4.5,4.47,4.4,4.5,4.63,4.68,4.59,4.7,4.46,4.43,4.69,4.71,4.73,4.6,4.47,4.33,4.18,4.22,4.11,3.41,3.57,3.64
Marshall Islands,Oceania,MH,1.56,1.69,1.68,1.74,1.74,1.74,1.82,1.75,1.95,2,2.1,1.99,2.15,2.06,2.17,2.23,2.29,2.35,2.41,2.46,2.39,2.45,2.5,2.49,2.48,2.53,2.58,2.69,2.56,2.74,2.79
North Macedonia,Europe,MK,5.55,5.13,5.2,5.39,5.9,5.32,6.28,5.79,5.93,5.87,5.34,5.51,5.44,5.47,5.3,4.6,4.55,4.2,4.15,4.49,4.25,3.79,3.63,3.41,3.39,3.53,3.49,3.45,3.29,3.54,3.51
Mali,Africa,ML,0.051,0.051,0.05,0.049,0.05,0.052,0.074,0.075,0.076,0.075,0.074,0.072,0.072,0.072,0.082,0.095,0.11,0.122,0.131,0.139,0.144,0.161,0.172,0.178,0.173,0.186,0.187,0.191,0.187,0.2,0.204
Malta,Europe,MT,9.27,9.86,9.56,9.63,9.94,9.18,12,10.5,11.5,11.7,12.3,10.9,10.4,7.97,9.35,11.4,14.2,11.1,14,19.3,18.3,14.7,17,18.3,19.7,18.4,21,19.5,16.5,17.5,17.3
Myanmar,Asia,MM,0.114,0.124,0.143,0.157,0.162,0.165,0.176,0.194,0.215,0.184,0.192,0.203,0.255,0.236,0.259,0.258,0.195,0.202,0.259,0.296,0.232,0.25,0.31,0.421,0.471,0.476,0.491,0.503,0.503,0.538,0.549
Montenegro,Europe,ME,2.4,2.09,2.03,2.14,2.51,2.7,2.85,1.97,2.48,2.72,2.88,3.08,3.32,2.84,3.34,3.32,4.2,2.7,3.88,3.85,3.54,3.44,3.37,3.57,3.21,3.23,3.2,3.16,3.02,3.2,3.17
Mongolia,Asia,MN,4.08,2.65,2.52,2.54,3.16,2.54,2.65,2.71,2.86,3.01,3.11,3.27,3.33,3.39,3.69,4.68,4.94,5.01,5.4,8.44,13.1,15.2,10,7.84,7.8,9.76,12.8,12.9,13,14,14.2
Mozambique,Africa,MZ,0.266,0.291,0.277,0.284,0.185,0.116,0.171,0.238,0.256,0.279,0.262,0.275,0.27,0.284,0.3,0.348,0.391,0.399,0.371,0.474,0.414,0.547,0.708,0.571,0.581,0.453,0.442,0.453,0.418,0.447,0.456
Mauritania,Africa,MR,0.423,0.422,0.424,0.439,0.448,0.443,0.429,0.428,0.424,0.434,0.45,0.452,0.472,0.475,0.457,0.512,0.538,0.578,0.561,0.587,0.629,0.536,0.636,0.609,0.552,0.599,0.605,0.618,0.605,0.648,0.661
Mauritius,Africa,MU,2.84,2.88,2.84,3.04,3.49,3.44,3.19,3.4,4.07,3.91,3.92,3.81,4.08,3.55,3.82,3.74,4.18,3.82,3.83,3.88,3.94,4.06,4.18,3.96,4.2,4.49,4.56,4.58,4.47,4.79,4.88
Malawi,Africa,MW,0.152,0.167,0.173,0.18,0.2,0.196,0.187,0.179,0.073,0.064,0.07,0.08,0.068,0.065,0.071,0.066,0.073,0.068,0.065,0.07,0.072,0.065,0.056,0.057,0.07,0.07,0.137,0.136,0.127,0.136,0.139
Malaysia,Asia,MY,4.34,4.52,4.46,4.92,4.87,5.28,3.62,4.21,4.94,5.05,5.17,5.15,5.31,5.46,5.31,5.57,6.06,5.59,6.41,6.62,7.07,7.92,7.8,7.29,7.34,7.13,7.67,7.58,7.28,7.35,7.5
Namibia,Africa,NA,0.783,0.915,1,1,1.04,1.04,1.04,0.93,0.861,1.07,0.851,0.875,0.985,1.14,1.09,1.25,1.59,1.43,3.56,3.47,4.41,4.37,5.34,5.05,5.02,4.09,3.78,3.82,3.63,3.89,3.97
Niger,Africa,NE,0.062,0.068,0.063,0.059,0.065,0.064,0.066,0.062,0.061,0.056,0.057,0.06,0.062,0.052,0.049,0.049,0.053,0.061,0.071,0.077,0.099,0.102,0.107,0.101,0.097,0.103,0.103,0.106,0.104,0.111,0.113
Nigeria,Africa,NG,0.437,0.425,0.349,0.311,0.329,0.393,0.367,0.293,0.384,0.536,0.6,0.614,0.636,0.686,0.511,0.59,0.595,0.529,0.602,0.602,0.447,0.641,0.654,0.633,0.625,0.559,0.506,0.583,0.634,0.678,0.692
Nicaragua,North America,NI,0.713,0.664,0.697,0.724,0.709,0.771,0.841,0.893,0.86,0.879,0.864,0.937,0.954,0.939,1.02,1.09,0.993,0.956,0.912,0.92,0.941,0.938,1.03,1.17,1.16,1.11,1.05,1,0.865,0.925,0.944
Netherlands,Europe,NL,15.6,14.3,13.9,14.1,13.8,13.4,13.6,9.17,8.1,7.9,8.15,11.3,11.7,13.4,14.3,12.1,13.5,11.7,13.4,12.6,11.3,11.2,10.1,9.94,9.91,9.78,9.8,9.58,8.67,8.86,8.77
Norway,Europe,NO,8.1,8.4,8.78,8.87,9.53,9.49,9.5,9.61,9.46,9.71,9.46,9.22,9.75,9.5,10.6,11.6,10.6,10.6,11.3,10.3,9.58,9.59,9.41,9.69,9.4,9.48,9.32,9.13,8.71,8.8,8.72
Nepal,Asia,NP,0.083,0.089,0.097,0.124,0.123,0.131,0.172,0.256,0.109,0.158,0.144,0.099,0.165,0.174,0.161,0.177,0.226,0.135,0.162,0.176,0.184,0.215,0.252,0.228,0.326,0.385,0.94,0.857,0.845,0.904,0.922
Nauru,Oceania,NR,12.1,11.1,10.5,10,9.62,9.65,9.37,8.77,8.16,7.89,7.62,6.61,6.66,6.33,4.48,4.47,4.45,4.06,4.4,4.01,3.98,4.31,4.63,4.59,4.55,4.63,4.71,4.9,4.67,4.99,5.09
New Zealand,Oceania,NZ,7.72,7.98,7.89,7.99,8.21,8.55,8.91,8.21,8.84,8.27,8.58,8.64,9.32,9.5,10,9.49,9.48,9.49,8.25,8.34,8.36,8.77,8.8,8.62,8.38,8.12,8.04,7.97,7.91,7.62,7.36
Oman,Asia,OM,6.86,7.36,7.95,8.02,7.53,7.62,8.12,7.99,8.22,8.53,9.4,13.4,10.4,9.94,13.4,15.3,16.4,16.3,14.9,14.1,14.2,13.9,14.8,15.6,15.5,15.2,13.6,12.1,12.9,14.6,14.9
Pakistan,Asia,PK,0.63,0.651,0.683,0.662,0.716,0.687,0.663,0.708,0.708,0.698,0.737,0.716,0.822,0.836,0.875,0.918,0.896,0.874,0.847,0.843,0.841,0.799,0.825,0.887,1.02,1.1,1.03,1,1,1.08,1.1
Panama,North America,PA,1.39,1.31,1.35,1.3,1.5,1.51,1.85,1.97,1.61,1.7,1.57,−0.107,−0.085,−0.511,−0.079,0.164,0.036,0.327,0.353,−0.004,−0.579,−0.325,0.057,0.342,0.538,4.37,4.13,4.16,3.69,3.94,4.02
Peru,South America,PE,1.04,1.12,1.11,1.14,1.1,1.2,1.22,1.24,1.21,1.11,1.13,1.06,1.19,1.33,1.14,1.39,1.73,1.83,2.11,1.95,1.94,1.91,2.03,2.01,2,1.98,2,2.03,1.72,1.97,2.01
Philippines,Asia,PH,1.18,1.09,1.11,1.16,1.12,1.21,1.07,1.11,1.16,1.13,1.1,1.1,1.11,1.09,0.95,1.01,1.09,1,1.08,1.13,1.2,1.29,1.33,1.39,1.48,1.56,1.61,1.6,1.5,1.58,1.61
Palau,Oceania,PW,12.5,12.2,11.8,11.5,11.3,11,10.8,10.5,10.9,11.2,10.8,10.7,10.9,11.1,11.6,13.2,11,10.8,11.6,12.2,12.3,12.5,12.7,12.7,12.6,12.9,13.2,13.7,13.1,14,14.2
Papua New Guinea,Oceania,PG,0.453,0.443,0.431,0.397,0.412,0.473,0.513,0.428,0.456,0.537,0.572,0.634,0.706,0.675,0.648,0.899,0.688,0.713,0.638,0.7,0.653,0.662,0.727,0.91,0.899,0.9,0.911,0.947,0.903,0.966,0.986
Poland,Europe,PL,9.04,8.75,8.4,8.32,8.53,8.35,7.69,8.02,7.75,7.61,7.34,7.34,7.5,7.47,8.2,8.41,8.52,8.02,8.52,8.4,8.38,8.03,7.76,8,7.93,8.24,8.49,8,7.43,8.09,8.01
North Korea,Asia,KP,4.92,4.46,4.02,3.72,3.24,2.92,2.61,2.82,3.02,3.1,2.94,2.98,3.02,3.14,3.17,2.63,2.9,2.19,2.04,1.47,1.52,1.08,1.22,0.978,1.09,1.12,1.18,1.21,1.21,1.3,1.32
Portugal,Europe,PT,5.99,5.82,5.88,6.26,5.96,6.91,7.9,9.49,10.7,10.9,10.9,10.7,10.5,12.2,10.8,10.9,10.8,8.98,9.03,5.94,4.92,4.74,4.7,5,5.27,5.64,5.42,5.08,4.63,4.65,4.6
Paraguay,South America,PY,1.01,1.02,1.13,1.21,1.12,1.21,1.16,1.16,1.05,1.04,0.989,1.06,1.09,1.05,1.07,1.21,1.44,1.24,1.51,1.7,1.57,1.63,1.65,1.6,1.69,1.89,1.97,1.92,1.83,1.96,2
Palestine,Asia,PS,0.401,0.391,0.387,0.361,0.378,0.301,0.488,0.438,0.515,0.408,0.342,0.372,0.627,0.767,0.619,0.619,0.532,0.528,0.502,0.542,0.519,0.563,0.641,0.664,0.698,0.671,0.661,0.677,0.671,0.718,0.733
Qatar,Asia,QA,48.7,54.9,53.2,54,53.3,55.8,47.5,26.3,24.1,28.7,31.3,30.5,29.6,35.3,29.9,29.2,25.6,30.5,25.6,19.4,23.3,23.1,25.6,27.8,27.4,26.6,24.5,26.2,25.6,26.7,27.3
Romania,Europe,RO,5.24,4.89,4.58,4.66,4.5,4.02,3.94,3.56,4.06,4.36,4.37,4.48,4.57,4.7,4.98,5.39,5.57,4.46,4.53,4.65,4.51,3.94,4.07,3.98,4.11,4.33,4.5,4.35,4.15,4.41,4.36
Russia,Europe,RU,5.21,7.45,7.87,7.83,8.42,7.92,7.11,6.82,6.74,7.56,7.64,7.96,8.15,8.27,8.59,9.1,9.27,8.91,9.42,9.85,10.2,9.86,9.59,9.06,9.32,9.53,9.27,9.42,9.29,10.1,9.97
Rwanda,Africa,RW,0.062,0.061,0.068,0.08,0.069,0.063,0.061,0.062,0.084,0.06,0.058,0.058,0.062,0.055,0.055,0.058,0.057,0.055,0.059,0.066,0.075,0.069,0.08,0.092,0.095,0.137,0.15,0.181,0.164,0.175,0.179
Saudi Arabia,Asia,SA,16.5,17.5,16.4,12.9,12.4,10.3,10.6,8.84,9.47,9.83,10.2,13,14.8,14.3,15.5,13.9,15.1,16.4,17.5,16.4,17.7,17,18.9,21.3,19.3,18.4,17.1,17.7,18.2,18.1,18.4
Sudan,Africa,SD,0.184,0.122,0.162,0.162,0.163,0.194,0.165,0.175,0.185,0.208,0.259,0.281,0.347,0.324,0.347,0.399,0.413,0.42,0.417,0.396,0.393,0.407,0.407,0.499,0.491,0.503,0.504,0.514,0.504,0.54,0.55
Senegal,Africa,SN,0.468,0.469,0.476,0.434,0.5,0.45,0.454,0.45,0.476,0.484,0.501,0.556,0.566,0.606,0.515,0.581,0.606,0.516,0.591,0.718,0.763,0.725,0.812,0.835,0.87,0.89,0.942,0.957,0.933,0.998,1.02
Singapore,Asia,SG,25.9,25.3,26.5,25.3,27.6,29.6,24.3,25.5,30.9,26.7,26.4,24.4,28.3,30.7,32.2,28.7,40.9,20.9,21.7,41.6,45.5,47.5,33.9,29,26.2,27,28,27.1,24.1,24.9,25.4
Solomon Islands,Oceania,SB,0.433,0.421,0.399,0.398,0.387,0.376,0.366,0.384,0.373,0.372,0.362,0.361,0.352,0.343,0.343,0.365,0.357,0.349,0.354,0.339,0.33,0.34,0.331,0.316,0.272,0.272,0.273,0.283,0.27,0.289,0.295
Sierra Leone,Africa,SL,0.104,0.105,0.111,0.087,0.099,0.092,0.09,0.085,0.085,0.108,0.108,0.109,0.102,0.082,0.106,0.086,0.087,0.085,0.09,0.113,0.128,0.151,0.163,0.126,0.127,0.139,0.141,0.144,0.141,0.151,0.154
El Salvador,North America,SV,0.898,0.961,1.06,1.15,1.05,1.23,1.38,1.33,1.39,1.38,1.37,1.39,1.32,1.36,1.51,1.5,1.46,1.29,1.29,1.36,1.28,1.27,1.28,1.37,1.35,1.25,1.41,1.5,1.35,1.44,1.47
Somalia,Africa,SO,0.093,0.087,0.085,0.079,0.074,0.068,0.062,0.057,0.054,0.055,0.062,0.061,0.059,0.057,0.055,0.055,0.053,0.051,0.051,0.049,0.048,0.048,0.047,0.046,0.046,0.047,0.047,0.048,0.047,0.05,0.051
Serbia,Europe,RS,4.51,3.89,3.76,3.96,4.65,5.04,5.36,3.74,4.74,5.24,5.58,6,6.52,5.62,6.66,6.56,5.71,5.09,5.09,5.47,4.89,5,4.18,4.93,5.09,5.17,5.17,5.1,4.87,5.16,5.11
South Sudan,Africa,SS,0.069,0.049,0.068,0.07,0.071,0.083,0.069,0.072,0.074,0.082,0.101,0.109,0.132,0.121,0.127,0.142,0.142,0.142,0.14,0.133,0.132,0.14,0.146,0.181,0.159,0.167,0.171,0.174,0.171,0.183,0.186
Sao Tome and Principe,Africa,ST,0.383,0.375,0.368,0.362,0.356,0.351,0.346,0.341,0.335,0.355,0.398,0.439,0.477,0.489,0.522,0.507,0.493,0.521,0.549,0.556,0.603,0.592,0.581,0.57,0.595,0.583,0.587,0.599,0.587,0.628,0.641
Suriname,Oceania,SR,4.83,4.77,4.7,4.67,4.65,4.64,4.58,4.56,4.66,4.96,3.24,3.15,3.15,3.18,3.44,3.44,3.75,3.82,4.53,3.36,4.16,3.83,4.03,3.06,3.05,3.02,3.1,3.17,3.11,3.33,3.39
Slovak Republic,Europe,SK,10.5,9.67,8.37,8.67,8.96,8.77,8.98,8.38,8.55,8.95,8.47,8.13,8.53,7.92,8.34,8.99,9.59,8.98,9.42,9.03,7.96,7.94,7.27,7.4,7.46,7.5,7.72,7.36,6.82,7.44,7.37
Slovenia,Europe,SI,9.86,9.15,8.7,9.4,9.11,9.39,9.51,9.07,9.58,10.1,9.8,9.47,9.55,9.43,10.4,11.2,11.4,9.41,9.64,10.3,9.1,8.68,8.45,8.43,8.74,9.42,10,9.69,8.85,8.55,8.46
Sweden,Europe,SE,10.8,9.98,9.85,9.69,10.3,9.71,9.88,9.23,9.61,8.93,9.14,9.76,9.67,10.1,10.1,9.98,9.72,8.28,9.15,8.87,8.08,7.66,7.47,7.24,7.13,7.17,7.13,6.67,5.9,6.02,5.96
Eswatini,Africa,SZ,0.964,0.801,1.19,1.15,1.02,1.25,1.24,1.25,1.19,1.13,1.11,1.02,1.01,1,0.995,1.03,1.06,1.01,0.995,1,1.15,1.4,0.824,0.89,1.04,1.08,1.06,1.08,1.06,1.13,1.15
Seychelles,Africa,SC,2.37,2.48,2.67,2.58,3.02,4.35,5.47,6.38,7.06,7.7,6.41,6.41,8.43,7.78,8.19,7.12,7.66,5.78,4.86,3.55,4.55,3.53,5.18,5.17,6.32,6.61,6.75,6.9,6.76,7.23,7.38
Syria,Asia,SY,3.23,3.34,3.31,2.87,2.87,2.99,3.19,3.24,3.08,2.87,2.25,3.08,2.83,2.72,2.77,3.31,3.24,2.9,2.85,2.67,2.14,1.83,1.61,1.59,1.63,1.66,1.67,1.71,1.7,1.82,1.85
Chad,Africa,TD,0.064,0.061,0.06,0.06,0.06,0.06,0.059,0.059,0.058,0.058,0.057,0.079,0.077,0.076,0.076,0.079,0.083,0.082,0.083,0.066,0.071,0.071,0.072,0.069,0.068,0.066,0.066,0.067,0.066,0.07,0.072
Togo,Africa,TG,0.342,0.356,0.36,0.395,0.376,0.294,0.401,0.396,0.192,0.159,0.226,0.225,0.203,0.197,0.613,0.195,0.183,0.304,0.269,0.253,0.29,0.201,0.217,0.284,0.312,0.267,0.982,0.957,0.831,0.889,0.906
Thailand,Asia,TH,2.7,2.64,2.68,2.9,3.03,2.84,2.11,2.38,2.43,2.58,2.8,2.87,3.11,3.28,3.25,3.28,3.37,3.44,3.79,3.79,3.88,4.04,3.71,3.69,3.62,3.7,3.76,3.85,3.82,3.84,3.92
Tajikistan,Asia,TJ,0.882,0.562,0.282,0.138,0.686,0.505,0.613,0.541,0.857,0.846,1.04,0.828,0.806,0.932,1.08,0.733,0.876,0.777,1.04,0.987,0.826,1.45,2.38,1.04,1.6,1.76,1.47,1.48,1.35,1.44,1.47
Turkmenistan,Asia,TM,8.21,6.87,8.13,8.07,7.14,7.02,7.26,8.43,8.3,8.33,8.66,9.57,9.88,10.2,10.3,11.5,11.5,10,11.2,12,12.3,12.4,12.5,12.6,12.4,12.7,13.7,13.5,12.9,15.2,15.5
Timor-Leste,Asia,TL,0.131,0.136,0.142,0.148,0.153,0.159,0.162,0.162,0.166,0.171,0.175,0.17,0.181,0.177,0.177,0.177,0.191,0.212,0.215,0.221,0.259,0.385,0.437,0.42,0.406,0.409,0.412,0.422,0.422,0.452,0.461
Tonga,Oceania,TO,0.73,0.883,0.958,0.993,0.8,1.02,0.907,1.13,0.973,0.894,1.04,1.18,1.1,1.13,1.26,1.11,1.17,1.27,1.13,0.991,1.03,1.12,1.13,1.2,1.27,1.29,1.31,1.36,1.3,1.39,1.42
Trinidad and Tobago,North America,TT,10.8,9.88,9.35,8.49,10.9,11.2,11.4,10.4,7.58,9.03,11,12.3,12,10.9,9.62,13.9,13.3,17.7,17.5,13.1,10.4,10.3,13.2,15.6,18.9,16.3,15.2,17,17.2,17.4,17.7
Tunisia,Africa,TN,2.42,2.2,1.92,1.9,1.84,1.8,1.81,1.91,1.43,1.43,1.46,1.49,1.48,1.46,1.5,1.49,1.49,1.67,1.8,1.65,1.72,1.75,1.84,1.95,1.9,1.86,2.34,2.26,2.07,2.22,2.26
Turkey,Europe,TR,4.41,4.02,3.59,3.75,3.47,3.64,3.62,3.6,3.91,3.09,3.35,3.65,4.07,4.38,4.67,5.13,4.88,4.47,4.78,5.17,5.26,5.03,5.09,5.15,5.15,5.36,5.13,4.71,4.75,5,4.95
Tuvalu,Oceania,TV,0.805,0.798,0.792,0.789,0.787,0.786,0.786,0.785,0.781,0.774,1.15,1.13,1.11,1.1,0.725,1.08,1.07,1.06,0.697,0.69,1.02,1.01,1,0.991,0.979,0.994,1.01,1.05,1,1.07,1.09
Taiwan,Asia,TW,10.4,9.82,9.79,10,9.22,10,9.86,10.2,12.5,11.3,11.5,11.8,13.5,13.2,13.4,12.5,12.2,10.5,12.6,13.1,12.1,12.4,12.5,11.7,11.8,12.2,12.3,12.1,11.6,12.3,12.5
Tanzania,Africa,TZ,0.136,0.141,0.128,0.135,0.124,0.134,0.128,0.13,0.143,0.153,0.161,0.165,0.179,0.221,0.214,0.22,0.27,0.225,0.246,0.307,0.32,0.375,0.368,0.38,0.313,0.295,0.301,0.306,0.285,0.304,0.311
Uganda,Africa,UG,0.085,0.09,0.084,0.094,0.081,0.084,0.112,0.111,0.113,0.111,0.112,0.104,0.109,0.126,0.139,0.151,0.154,0.171,0.182,0.193,0.172,0.17,0.179,0.179,0.178,0.189,0.187,0.189,0.167,0.179,0.183
Ukraine,Europe,UA,8.44,7.15,5.27,4.24,5.62,5.46,4.86,4.78,4.5,5.25,5.18,4.93,4.75,5.3,5.66,6.28,6.46,5.43,5.4,5.86,5.98,6,4.96,4.13,4,4.04,4.77,4.67,4.31,4.39,4.35
Uruguay,South America,UY,1.93,1.77,1.68,1.86,2.25,2.46,2.59,3.04,2.4,2.25,1.91,1.85,2.25,2.27,2.47,2.64,3.32,3.03,2.93,3.5,3.77,3.65,3.34,3.15,2.85,2.9,3.08,3.03,2.94,3.14,3.21
United States,North America,US,20.1,20,20.1,20.1,20.5,20.6,20.9,21.3,22,21.5,21.7,22.2,22.4,22.5,22.3,21.9,20.6,18.6,19.1,18.4,17.8,17.9,18,17.8,17.2,17,17.4,16.9,15.4,16.1,16.4
Uzbekistan,Asia,UZ,5.2,5.3,4.84,4.53,4.57,4.53,4.95,5.01,4.91,4.9,5.04,4.91,4.82,4.43,4.47,4.39,4.47,3.8,3.63,3.9,3.91,3.43,3.44,3.31,2.9,2.92,2.81,2.78,2.65,2.75,2.8
Saint Vincent and the Grenadines,VC,North America,0.781,0.95,1.12,1.19,1.22,1.22,1.5,1.53,1.36,1.67,1.73,1.83,2.03,2.03,2.03,2.1,2.1,2.88,2.03,1.83,2.33,1.92,2.02,2.02,2.01,2.02,2.03,2.02,1.88,2.01,2.05
Venezuela,South America,VE,4.56,5.11,5.01,5.23,4.36,5.13,6.57,4.83,3.12,4.31,3.7,4.95,3.75,3.84,3.42,3.54,3.9,5,4.54,4.13,2.98,3.55,4.95,2.89,2.29,2.14,1.17,0.198,0.631,0.66,0.673
Vietnam,Asia,VN,0.331,0.352,0.391,0.421,0.499,0.595,0.607,0.553,0.467,0.526,0.593,0.734,0.83,0.878,0.893,0.92,1.03,1.09,1.15,1.2,1.15,1.19,1.39,1.61,1.64,1.59,1.81,2.19,2.1,2.13,2.17
Vanuatu,Oceania,VU,0.402,0.39,0.38,0.393,0.491,0.482,0.453,0.465,0.456,0.465,0.435,0.424,0.287,0.28,0.222,0.451,0.424,0.526,0.512,0.544,0.456,0.414,0.584,0.487,0.527,0.527,0.529,0.55,0.524,0.561,0.572
Samoa,Oceania,WS,0.665,0.658,0.674,0.69,0.728,0.746,0.764,0.782,0.82,0.836,0.831,0.868,0.842,0.898,0.912,0.947,0.98,1.01,1.01,1.08,1.05,1.04,1.09,1.21,1.26,1.29,1.32,1.37,1.31,1.4,1.43
Yemen,Asia,YE,0.763,0.633,0.629,0.695,0.681,0.709,0.734,0.812,0.832,0.895,0.844,0.901,0.955,0.985,1.02,0.974,1.01,1.08,1,0.849,0.747,0.994,0.937,0.48,0.377,0.363,0.356,0.365,0.362,0.387,0.395
South Africa,Africa,ZA,5.31,5.39,5.69,5.88,5.63,5.86,5.58,6.06,5.84,5.49,5.06,5.51,6.34,5.84,6.45,6.5,6.38,6.47,6.2,6.07,6.39,6.2,6.1,5.76,5.68,5.55,5.42,5.68,5.11,5.08,5.18
Zambia,Africa,ZM,0.375,0.391,0.387,0.375,0.362,0.456,0.42,0.344,0.392,0.407,0.398,0.372,0.383,0.36,0.399,0.476,0.529,0.421,0.392,0.493,0.503,0.511,0.56,0.519,0.471,0.474,0.467,0.487,0.388,0.416,0.424
Zimbabwe,Africa,ZW,1.67,1.58,1.63,1.49,1.52,1.34,1.2,1.22,1.03,0.976,1.03,0.967,0.817,0.907,0.929,0.903,0.851,0.778,0.733,0.817,0.906,0.906,0.929,0.955,0.821,0.708,0.83,0.783,0.737,0.789,0.804
